trial_1,trial_2,trial_3,trial_4,trial_5,trial_6,trial_7,trial_8,trial_9,trial_10
191038637.7284442,191038637.7284442,191038637.7284442,191038637.7284442,191038637.7284442,191038637.7284442,191038637.7284442,191038637.7284442,191038637.7284442,191038637.7284442
102185694.55602308,102185694.55602308,102185694.55602308,102185694.55602308,102185694.55602308,102185694.55602308,102185694.55602308,102185694.55602308,102185694.55602308,102185694.55602308
67434017.19078125,67434017.19078125,67434017.19078125,67434017.19078125,67434017.19078125,67434017.19078125,67434017.19078125,67434017.19078125,67434017.19078125,67434017.19078125
62339320.80464865,62339320.80464865,62339320.80464865,62339320.80464865,62339320.80464865,62339320.80464865,62339320.80464865,62339320.80464865,62339320.80464865,62339320.80464865
62339320.80464865,62339320.80464865,62339320.80464865,62339320.80464865,62339320.80464865,62339320.80464865,62339320.80464865,62339320.80464865,62339320.80464865,62339320.80464865
60840226.460032575,60840226.460032575,60840226.460032575,60840226.460032575,60840226.460032575,60840226.460032575,60840226.460032575,60840226.460032575,60840226.460032575,60840226.460032575
55384654.61629338,55384654.61629338,55384654.61629338,55384654.61629338,55384654.61629338,55384654.61629338,55384654.61629338,55384654.61629338,55384654.61629338,55384654.61629338
55240338.37275109,55240338.37275109,55240338.37275109,55240338.37275109,55240338.37275109,55240338.37275109,55240338.37275109,55240338.37275109,55240338.37275109,55240338.37275109
54232421.160893925,54232421.160893925,54232421.160893925,54232421.160893925,54232421.160893925,54232421.160893925,54232421.160893925,54232421.160893925,54232421.160893925,54232421.160893925
28208438.281948756,28208438.281948756,28208438.281948756,28208438.281948756,28208438.281948756,28208438.281948756,28208438.281948756,28208438.281948756,28208438.281948756,28208438.281948756
21404221.50376783,21404221.50376783,21404221.50376783,21404221.50376783,21404221.50376783,21404221.50376783,21404221.50376783,21404221.50376783,21404221.50376783,21404221.50376783
17453920.56289282,17453920.56289282,17453920.56289282,17453920.56289282,17453920.56289282,17453920.56289282,17453920.56289282,17453920.56289282,17453920.56289282,17453920.56289282
17453920.56289282,17453920.56289282,17453920.56289282,17453920.56289282,17453920.56289282,17453920.56289282,17453920.56289282,17453920.56289282,17453920.56289282,17453920.56289282
17151653.837322716,17151653.837322716,17151653.837322716,17151653.837322716,17151653.837322716,17151653.837322716,17151653.837322716,17151653.837322716,17151653.837322716,17151653.837322716
17151653.837322716,17151653.837322716,17151653.837322716,17151653.837322716,17151653.837322716,17151653.837322716,17151653.837322716,17151653.837322716,17151653.837322716,17151653.837322716
16438996.31618354,16438996.31618354,16438996.31618354,16438996.31618354,16438996.31618354,16438996.31618354,16438996.31618354,16438996.31618354,16438996.31618354,16438996.31618354
16438996.31618354,16438996.31618354,16438996.31618354,16438996.31618354,16438996.31618354,16438996.31618354,16438996.31618354,16438996.31618354,16438996.31618354,16438996.31618354
16312247.78906055,16312247.78906055,16312247.78906055,16312247.78906055,16312247.78906055,16312247.78906055,16312247.78906055,16312247.78906055,16312247.78906055,16312247.78906055
16279842.549734382,16279842.549734382,16279842.549734382,16279842.549734382,16279842.549734382,16279842.549734382,16279842.549734382,16279842.549734382,16279842.549734382,16279842.549734382
15961747.828866037,15961747.828866037,15961747.828866037,15961747.828866037,15961747.828866037,15961747.828866037,15961747.828866037,15961747.828866037,15961747.828866037,15961747.828866037
13940602.867712127,13940602.867712127,13940602.867712127,13940602.867712127,13940602.867712127,13940602.867712127,13940602.867712127,13940602.867712127,13940602.867712127,13940602.867712127
12548078.099695694,12548078.099695694,12548078.099695694,12548078.099695694,12548078.099695694,12548078.099695694,12548078.099695694,12548078.099695694,12548078.099695694,12548078.099695694
12380616.854908705,12380616.854908705,12380616.854908705,12380616.854908705,12380616.854908705,12380616.854908705,12380616.854908705,12380616.854908705,12380616.854908705,12380616.854908705
12380616.854908705,12380616.854908705,12380616.854908705,12380616.854908705,12380616.854908705,12380616.854908705,12380616.854908705,12380616.854908705,12380616.854908705,12380616.854908705
12231943.234907333,12231943.234907333,12231943.234907333,12231943.234907333,12231943.234907333,12231943.234907333,12231943.234907333,12231943.234907333,12231943.234907333,12231943.234907333
12221994.917071832,12221994.917071832,12221994.917071832,12221994.917071832,12221994.917071832,12221994.917071832,12221994.917071832,12221994.917071832,12221994.917071832,12221994.917071832
12221994.917071832,12221994.917071832,12221994.917071832,12221994.917071832,12221994.917071832,12221994.917071832,12221994.917071832,12221994.917071832,12221994.917071832,12221994.917071832
12201169.714841062,12201169.714841062,12201169.714841062,12201169.714841062,12201169.714841062,12201169.714841062,12201169.714841062,12201169.714841062,12201169.714841062,12201169.714841062
12018454.591487294,12018454.591487294,12018454.591487294,12018454.591487294,12018454.591487294,12018454.591487294,12018454.591487294,12018454.591487294,12018454.591487294,12018454.591487294
12017226.864333583,12017226.864333583,12017226.864333583,12017226.864333583,12017226.864333583,12017226.864333583,12017226.864333583,12017226.864333583,12017226.864333583,12017226.864333583
11952201.27157768,11952201.27157768,11952201.27157768,11952201.27157768,11952201.27157768,11952201.27157768,11952201.27157768,11952201.27157768,11952201.27157768,11952201.27157768
11947489.046806227,11947489.046806227,11947489.046806227,11947489.046806227,11947489.046806227,11947489.046806227,11947489.046806227,11947489.046806227,11947489.046806227,11947489.046806227
11937280.557707103,11937280.557707103,11937280.557707103,11937280.557707103,11937280.557707103,11937280.557707103,11937280.557707103,11937280.557707103,11937280.557707103,11937280.557707103
11816628.69051815,11816628.69051815,11816628.69051815,11816628.69051815,11816628.69051815,11816628.69051815,11816628.69051815,11816628.69051815,11816628.69051815,11816628.69051815
11719447.463603197,11719447.463603197,11719447.463603197,11719447.463603197,11719447.463603197,11719447.463603197,11719447.463603197,11719447.463603197,11719447.463603197,11719447.463603197
11612613.070714213,11612613.070714213,11612613.070714213,11612613.070714213,11612613.070714213,11612613.070714213,11612613.070714213,11612613.070714213,11612613.070714213,11612613.070714213
11565757.400650892,11565757.400650892,11565757.400650892,11565757.400650892,11565757.400650892,11565757.400650892,11565757.400650892,11565757.400650892,11565757.400650892,11565757.400650892
11435930.068034789,11435930.068034789,11435930.068034789,11435930.068034789,11435930.068034789,11435930.068034789,11435930.068034789,11435930.068034789,11435930.068034789,11435930.068034789
11108494.988181511,11108494.988181511,11108494.988181511,11108494.988181511,11108494.988181511,11108494.988181511,11108494.988181511,11108494.988181511,11108494.988181511,11108494.988181511
11038302.947200049,11038302.947200049,11038302.947200049,11038302.947200049,11038302.947200049,11038302.947200049,11038302.947200049,11038302.947200049,11038302.947200049,11038302.947200049
10872495.816993242,10872495.816993242,10872495.816993242,10872495.816993242,10872495.816993242,10872495.816993242,10872495.816993242,10872495.816993242,10872495.816993242,10872495.816993242
10844232.068785528,10844232.068785528,10844232.068785528,10844232.068785528,10844232.068785528,10844232.068785528,10844232.068785528,10844232.068785528,10844232.068785528,10844232.068785528
10725463.186951876,10725463.186951876,10725463.186951876,10725463.186951876,10725463.186951876,10725463.186951876,10725463.186951876,10725463.186951876,10725463.186951876,10725463.186951876
10591108.454418719,10591108.454418719,10591108.454418719,10591108.454418719,10591108.454418719,10591108.454418719,10591108.454418719,10591108.454418719,10591108.454418719,10591108.454418719
10538156.36625671,10538156.36625671,10538156.36625671,10538156.36625671,10538156.36625671,10538156.36625671,10538156.36625671,10538156.36625671,10538156.36625671,10538156.36625671
10359196.027027009,10359196.027027009,10359196.027027009,10359196.027027009,10359196.027027009,10359196.027027009,10359196.027027009,10359196.027027009,10359196.027027009,10359196.027027009
10252170.453124266,10252170.453124266,10252170.453124266,10252170.453124266,10252170.453124266,10252170.453124266,10252170.453124266,10252170.453124266,10252170.453124266,10252170.453124266
10152911.495406006,10152911.495406006,10152911.495406006,10152911.495406006,10152911.495406006,10152911.495406006,10152911.495406006,10152911.495406006,10152911.495406006,10152911.495406006
9966198.922681816,9966198.922681816,9966198.922681816,9966198.922681816,9966198.922681816,9966198.922681816,9966198.922681816,9966198.922681816,9966198.922681816,9966198.922681816
9852227.809523916,9852227.809523916,9852227.809523916,9852227.809523916,9852227.809523916,9852227.809523916,9852227.809523916,9852227.809523916,9852227.809523916,9852227.809523916
9763775.308098178,9763775.308098178,9763775.308098178,9763775.308098178,9763775.308098178,9763775.308098178,9763775.308098178,9763775.308098178,9763775.308098178,9763775.308098178
9756604.946060782,9756604.946060782,9756604.946060782,9756604.946060782,9756604.946060782,9756604.946060782,9756604.946060782,9756604.946060782,9756604.946060782,9756604.946060782
9738086.399074802,9738086.399074802,9738086.399074802,9738086.399074802,9738086.399074802,9738086.399074802,9738086.399074802,9738086.399074802,9738086.399074802,9738086.399074802
9716512.888700206,9716512.888700206,9716512.888700206,9716512.888700206,9716512.888700206,9716512.888700206,9716512.888700206,9716512.888700206,9716512.888700206,9716512.888700206
9713130.994145023,9713130.994145023,9713130.994145023,9713130.994145023,9713130.994145023,9713130.994145023,9713130.994145023,9713130.994145023,9713130.994145023,9713130.994145023
9682206.541461788,9682206.541461788,9682206.541461788,9682206.541461788,9682206.541461788,9682206.541461788,9682206.541461788,9682206.541461788,9682206.541461788,9682206.541461788
9681774.39969703,9681774.39969703,9681774.39969703,9681774.39969703,9681774.39969703,9681774.39969703,9681774.39969703,9681774.39969703,9681774.39969703,9681774.39969703
9672025.90550797,9672025.90550797,9672025.90550797,9672025.90550797,9672025.90550797,9672025.90550797,9672025.90550797,9672025.90550797,9672025.90550797,9672025.90550797
9651874.77210378,9651874.77210378,9651874.77210378,9651874.77210378,9651874.77210378,9651874.77210378,9651874.77210378,9651874.77210378,9651874.77210378,9651874.77210378
9639472.497308299,9639472.497308299,9639472.497308299,9639472.497308299,9639472.497308299,9639472.497308299,9639472.497308299,9639472.497308299,9639472.497308299,9639472.497308299
9617507.572472418,9617507.572472418,9617507.572472418,9617507.572472418,9617507.572472418,9617507.572472418,9617507.572472418,9617507.572472418,9617507.572472418,9617507.572472418
9607276.6721743,9607276.6721743,9607276.6721743,9607276.6721743,9607276.6721743,9607276.6721743,9607276.6721743,9607276.6721743,9607276.6721743,9607276.6721743
9588773.62468269,9588773.62468269,9588773.62468269,9588773.62468269,9588773.62468269,9588773.62468269,9588773.62468269,9588773.62468269,9588773.62468269,9588773.62468269
9580440.267759869,9580440.267759869,9580440.267759869,9580440.267759869,9580440.267759869,9580440.267759869,9580440.267759869,9580440.267759869,9580440.267759869,9580440.267759869
9574208.752516486,9574208.752516486,9574208.752516486,9574208.752516486,9574208.752516486,9574208.752516486,9574208.752516486,9574208.752516486,9574208.752516486,9574208.752516486
9550549.147251967,9550549.147251967,9550549.147251967,9550549.147251967,9550549.147251967,9550549.147251967,9550549.147251967,9550549.147251967,9550549.147251967,9550549.147251967
9501652.913708657,9501652.913708657,9501652.913708657,9501652.913708657,9501652.913708657,9501652.913708657,9501652.913708657,9501652.913708657,9501652.913708657,9501652.913708657
9481691.490318572,9481691.490318572,9481691.490318572,9481691.490318572,9481691.490318572,9481691.490318572,9481691.490318572,9481691.490318572,9481691.490318572,9481691.490318572
9456108.449235018,9456108.449235018,9456108.449235018,9456108.449235018,9456108.449235018,9456108.449235018,9456108.449235018,9456108.449235018,9456108.449235018,9456108.449235018
9380047.98383123,9380047.98383123,9380047.98383123,9380047.98383123,9380047.98383123,9380047.98383123,9380047.98383123,9380047.98383123,9380047.98383123,9380047.98383123
9313771.890756465,9313771.890756465,9313771.890756465,9313771.890756465,9313771.890756465,9313771.890756465,9313771.890756465,9313771.890756465,9313771.890756465,9313771.890756465
9284201.094024334,9284201.094024334,9284201.094024334,9284201.094024334,9284201.094024334,9284201.094024334,9284201.094024334,9284201.094024334,9284201.094024334,9284201.094024334
9222369.41550505,9222369.41550505,9222369.41550505,9222369.41550505,9222369.41550505,9222369.41550505,9222369.41550505,9222369.41550505,9222369.41550505,9222369.41550505
9201325.493461745,9201325.493461745,9201325.493461745,9201325.493461745,9201325.493461745,9201325.493461745,9201325.493461745,9201325.493461745,9201325.493461745,9201325.493461745
9039434.468880903,9039434.468880903,9039434.468880903,9039434.468880903,9039434.468880903,9039434.468880903,9039434.468880903,9039434.468880903,9039434.468880903,9039434.468880903
8875018.64466869,8875018.64466869,8875018.64466869,8875018.64466869,8875018.64466869,8875018.64466869,8875018.64466869,8875018.64466869,8875018.64466869,8875018.64466869
8812613.343066096,8812613.343066096,8812613.343066096,8812613.343066096,8812613.343066096,8812613.343066096,8812613.343066096,8812613.343066096,8812613.343066096,8812613.343066096
8703584.53910467,8703584.53910467,8703584.53910467,8703584.53910467,8703584.53910467,8703584.53910467,8703584.53910467,8703584.53910467,8703584.53910467,8703584.53910467
8520174.095733406,8520174.095733406,8520174.095733406,8520174.095733406,8520174.095733406,8520174.095733406,8520174.095733406,8520174.095733406,8520174.095733406,8520174.095733406
8227500.12269872,8227500.12269872,8227500.12269872,8227500.12269872,8227500.12269872,8227500.12269872,8227500.12269872,8227500.12269872,8227500.12269872,8227500.12269872
7782753.187761067,7782753.187761067,7782753.187761067,7782753.187761067,7782753.187761067,7782753.187761067,7782753.187761067,7782753.187761067,7782753.187761067,7782753.187761067
7461327.382028421,7461327.382028421,7461327.382028421,7461327.382028421,7461327.382028421,7461327.382028421,7461327.382028421,7461327.382028421,7461327.382028421,7461327.382028421
7307432.776305376,7307432.776305376,7307432.776305376,7307432.776305376,7307432.776305376,7307432.776305376,7307432.776305376,7307432.776305376,7307432.776305376,7307432.776305376
7307432.776305376,7307432.776305376,7307432.776305376,7307432.776305376,7307432.776305376,7307432.776305376,7307432.776305376,7307432.776305376,7307432.776305376,7307432.776305376
7307432.776305376,7307432.776305376,7307432.776305376,7307432.776305376,7307432.776305376,7307432.776305376,7307432.776305376,7307432.776305376,7307432.776305376,7307432.776305376
7303750.9402596615,7303750.9402596615,7303750.9402596615,7303750.9402596615,7303750.9402596615,7303750.9402596615,7303750.9402596615,7303750.9402596615,7303750.9402596615,7303750.9402596615
7301108.760331554,7301108.760331554,7301108.760331554,7301108.760331554,7301108.760331554,7301108.760331554,7301108.760331554,7301108.760331554,7301108.760331554,7301108.760331554
7301108.760331554,7301108.760331554,7301108.760331554,7301108.760331554,7301108.760331554,7301108.760331554,7301108.760331554,7301108.760331554,7301108.760331554,7301108.760331554
7300903.129993403,7300903.129993403,7300903.129993403,7300903.129993403,7300903.129993403,7300903.129993403,7300903.129993403,7300903.129993403,7300903.129993403,7300903.129993403
7300587.359343121,7300587.359343121,7300587.359343121,7300587.359343121,7300587.359343121,7300587.359343121,7300587.359343121,7300587.359343121,7300587.359343121,7300587.359343121
7300499.70510949,7300499.70510949,7300499.70510949,7300499.70510949,7300499.70510949,7300499.70510949,7300499.70510949,7300499.70510949,7300499.70510949,7300499.70510949
7295916.756360501,7295916.756360501,7295916.756360501,7295916.756360501,7295916.756360501,7295916.756360501,7295916.756360501,7295916.756360501,7295916.756360501,7295916.756360501
7295916.756360501,7295916.756360501,7295916.756360501,7295916.756360501,7295916.756360501,7295916.756360501,7295916.756360501,7295916.756360501,7295916.756360501,7295916.756360501
7295807.464194824,7295807.464194824,7295807.464194824,7295807.464194824,7295807.464194824,7295807.464194824,7295807.464194824,7295807.464194824,7295807.464194824,7295807.464194824
7294379.393651912,7294379.393651912,7294379.393651912,7294379.393651912,7294379.393651912,7294379.393651912,7294379.393651912,7294379.393651912,7294379.393651912,7294379.393651912
7292789.590561026,7292789.590561026,7292789.590561026,7292789.590561026,7292789.590561026,7292789.590561026,7292789.590561026,7292789.590561026,7292789.590561026,7292789.590561026
7289795.106888822,7289795.106888822,7289795.106888822,7289795.106888822,7289795.106888822,7289795.106888822,7289795.106888822,7289795.106888822,7289795.106888822,7289795.106888822
7287706.8203681465,7287706.8203681465,7287706.8203681465,7287706.8203681465,7287706.8203681465,7287706.8203681465,7287706.8203681465,7287706.8203681465,7287706.8203681465,7287706.8203681465
7287379.020436018,7287379.020436018,7287379.020436018,7287379.020436018,7287379.020436018,7287379.020436018,7287379.020436018,7287379.020436018,7287379.020436018,7287379.020436018
7286952.417062981,7286952.417062981,7286952.417062981,7286952.417062981,7286952.417062981,7286952.417062981,7286952.417062981,7286952.417062981,7286952.417062981,7286952.417062981
7286344.89523763,7286344.89523763,7286344.89523763,7286344.89523763,7286344.89523763,7286344.89523763,7286344.89523763,7286344.89523763,7286344.89523763,7286344.89523763
7286272.985000906,7286272.985000906,7286272.985000906,7286272.985000906,7286272.985000906,7286272.985000906,7286272.985000906,7286272.985000906,7286272.985000906,7286272.985000906
7286155.758350898,7286155.758350898,7286155.758350898,7286155.758350898,7286155.758350898,7286155.758350898,7286155.758350898,7286155.758350898,7286155.758350898,7286155.758350898
7285919.077278681,7285919.077278681,7285919.077278681,7285919.077278681,7285919.077278681,7285919.077278681,7285919.077278681,7285919.077278681,7285919.077278681,7285919.077278681
7285794.426264347,7285794.426264347,7285794.426264347,7285794.426264347,7285794.426264347,7285794.426264347,7285794.426264347,7285794.426264347,7285794.426264347,7285794.426264347
7285552.799958556,7285552.799958556,7285552.799958556,7285552.799958556,7285552.799958556,7285552.799958556,7285552.799958556,7285552.799958556,7285552.799958556,7285552.799958556
7284504.211874836,7284504.211874836,7284504.211874836,7284504.211874836,7284504.211874836,7284504.211874836,7284504.211874836,7284504.211874836,7284504.211874836,7284504.211874836
7283036.374660856,7283036.374660856,7283036.374660856,7283036.374660856,7283036.374660856,7283036.374660856,7283036.374660856,7283036.374660856,7283036.374660856,7283036.374660856
7282345.95317565,7282345.95317565,7282345.95317565,7282345.95317565,7282345.95317565,7282345.95317565,7282345.95317565,7282345.95317565,7282345.95317565,7282345.95317565
7280873.844327565,7280873.844327565,7280873.844327565,7280873.844327565,7280873.844327565,7280873.844327565,7280873.844327565,7280873.844327565,7280873.844327565,7280873.844327565
7276901.18657744,7276901.18657744,7276901.18657744,7276901.18657744,7276901.18657744,7276901.18657744,7276901.18657744,7276901.18657744,7276901.18657744,7276901.18657744
7274415.899306003,7274415.899306003,7274415.899306003,7274415.899306003,7274415.899306003,7274415.899306003,7274415.899306003,7274415.899306003,7274415.899306003,7274415.899306003
7271651.777463237,7271651.777463237,7271651.777463237,7271651.777463237,7271651.777463237,7271651.777463237,7271651.777463237,7271651.777463237,7271651.777463237,7271651.777463237
7269593.822172051,7269593.822172051,7269593.822172051,7269593.822172051,7269593.822172051,7269593.822172051,7269593.822172051,7269593.822172051,7269593.822172051,7269593.822172051
7266256.261006119,7266256.261006119,7266256.261006119,7266256.261006119,7266256.261006119,7266256.261006119,7266256.261006119,7266256.261006119,7266256.261006119,7266256.261006119
7263139.392066399,7263139.392066399,7263139.392066399,7263139.392066399,7263139.392066399,7263139.392066399,7263139.392066399,7263139.392066399,7263139.392066399,7263139.392066399
7261256.691508276,7261256.691508276,7261256.691508276,7261256.691508276,7261256.691508276,7261256.691508276,7261256.691508276,7261256.691508276,7261256.691508276,7261256.691508276
7260897.446056309,7260897.446056309,7260897.446056309,7260897.446056309,7260897.446056309,7260897.446056309,7260897.446056309,7260897.446056309,7260897.446056309,7260897.446056309
7260171.386387356,7260171.386387356,7260171.386387356,7260171.386387356,7260171.386387356,7260171.386387356,7260171.386387356,7260171.386387356,7260171.386387356,7260171.386387356
7259450.459291626,7259450.459291626,7259450.459291626,7259450.459291626,7259450.459291626,7259450.459291626,7259450.459291626,7259450.459291626,7259450.459291626,7259450.459291626
7259239.343954954,7259239.343954954,7259239.343954954,7259239.343954954,7259239.343954954,7259239.343954954,7259239.343954954,7259239.343954954,7259239.343954954,7259239.343954954
7259214.096063938,7259214.096063938,7259214.096063938,7259214.096063938,7259214.096063938,7259214.096063938,7259214.096063938,7259214.096063938,7259214.096063938,7259214.096063938
7259042.734068993,7259042.734068993,7259042.734068993,7259042.734068993,7259042.734068993,7259042.734068993,7259042.734068993,7259042.734068993,7259042.734068993,7259042.734068993
7258218.932060078,7258218.932060078,7258218.932060078,7258218.932060078,7258218.932060078,7258218.932060078,7258218.932060078,7258218.932060078,7258218.932060078,7258218.932060078
7257700.567297734,7257700.567297734,7257700.567297734,7257700.567297734,7257700.567297734,7257700.567297734,7257700.567297734,7257700.567297734,7257700.567297734,7257700.567297734
7256175.9901620485,7256175.9901620485,7256175.9901620485,7256175.9901620485,7256175.9901620485,7256175.9901620485,7256175.9901620485,7256175.9901620485,7256175.9901620485,7256175.9901620485
7255102.235614567,7255102.235614567,7255102.235614567,7255102.235614567,7255102.235614567,7255102.235614567,7255102.235614567,7255102.235614567,7255102.235614567,7255102.235614567
7250701.3447369095,7250701.3447369095,7250701.3447369095,7250701.3447369095,7250701.3447369095,7250701.3447369095,7250701.3447369095,7250701.3447369095,7250701.3447369095,7250701.3447369095
7248429.024234152,7248429.024234152,7248429.024234152,7248429.024234152,7248429.024234152,7248429.024234152,7248429.024234152,7248429.024234152,7248429.024234152,7248429.024234152
7246639.482139431,7246639.482139431,7246639.482139431,7246639.482139431,7246639.482139431,7246639.482139431,7246639.482139431,7246639.482139431,7246639.482139431,7246639.482139431
7243497.218195096,7243497.218195096,7243497.218195096,7243497.218195096,7243497.218195096,7243497.218195096,7243497.218195096,7243497.218195096,7243497.218195096,7243497.218195096
7240096.695143185,7240096.695143185,7240096.695143185,7240096.695143185,7240096.695143185,7240096.695143185,7240096.695143185,7240096.695143185,7240096.695143185,7240096.695143185
7239951.820302691,7239951.820302691,7239951.820302691,7239951.820302691,7239951.820302691,7239951.820302691,7239951.820302691,7239951.820302691,7239951.820302691,7239951.820302691
7239951.820302691,7239951.820302691,7239951.820302691,7239951.820302691,7239951.820302691,7239951.820302691,7239951.820302691,7239951.820302691,7239951.820302691,7239951.820302691
7239932.726629688,7239932.726629688,7239932.726629688,7239932.726629688,7239932.726629688,7239932.726629688,7239932.726629688,7239932.726629688,7239932.726629688,7239932.726629688
7239874.153306629,7239874.153306629,7239874.153306629,7239874.153306629,7239874.153306629,7239874.153306629,7239874.153306629,7239874.153306629,7239874.153306629,7239874.153306629
7239388.778617035,7239388.778617035,7239388.778617035,7239388.778617035,7239388.778617035,7239388.778617035,7239388.778617035,7239388.778617035,7239388.778617035,7239388.778617035
7239298.1471152045,7239298.1471152045,7239298.1471152045,7239298.1471152045,7239298.1471152045,7239298.1471152045,7239298.1471152045,7239298.1471152045,7239298.1471152045,7239298.1471152045
7238633.745754944,7238633.745754944,7238633.745754944,7238633.745754944,7238633.745754944,7238633.745754944,7238633.745754944,7238633.745754944,7238633.745754944,7238633.745754944
7238298.124683825,7238298.124683825,7238298.124683825,7238298.124683825,7238298.124683825,7238298.124683825,7238298.124683825,7238298.124683825,7238298.124683825,7238298.124683825
7237959.251557938,7237959.251557938,7237959.251557938,7237959.251557938,7237959.251557938,7237959.251557938,7237959.251557938,7237959.251557938,7237959.251557938,7237959.251557938
7237546.726705722,7237546.726705722,7237546.726705722,7237546.726705722,7237546.726705722,7237546.726705722,7237546.726705722,7237546.726705722,7237546.726705722,7237546.726705722
7235703.772296317,7235703.772296317,7235703.772296317,7235703.772296317,7235703.772296317,7235703.772296317,7235703.772296317,7235703.772296317,7235703.772296317,7235703.772296317
7234958.7445227,7234958.7445227,7234958.7445227,7234958.7445227,7234958.7445227,7234958.7445227,7234958.7445227,7234958.7445227,7234958.7445227,7234958.7445227
7232686.217679879,7232686.217679879,7232686.217679879,7232686.217679879,7232686.217679879,7232686.217679879,7232686.217679879,7232686.217679879,7232686.217679879,7232686.217679879
7229482.905692685,7229482.905692685,7229482.905692685,7229482.905692685,7229482.905692685,7229482.905692685,7229482.905692685,7229482.905692685,7229482.905692685,7229482.905692685
7228006.681770949,7228006.681770949,7228006.681770949,7228006.681770949,7228006.681770949,7228006.681770949,7228006.681770949,7228006.681770949,7228006.681770949,7228006.681770949
7222683.766223038,7222683.766223038,7222683.766223038,7222683.766223038,7222683.766223038,7222683.766223038,7222683.766223038,7222683.766223038,7222683.766223038,7222683.766223038
7220885.989694975,7220885.989694975,7220885.989694975,7220885.989694975,7220885.989694975,7220885.989694975,7220885.989694975,7220885.989694975,7220885.989694975,7220885.989694975
7219818.116750871,7219818.116750871,7219818.116750871,7219818.116750871,7219818.116750871,7219818.116750871,7219818.116750871,7219818.116750871,7219818.116750871,7219818.116750871
7218919.806952535,7218919.806952535,7218919.806952535,7218919.806952535,7218919.806952535,7218919.806952535,7218919.806952535,7218919.806952535,7218919.806952535,7218919.806952535
7218919.806952535,7218919.806952535,7218919.806952535,7218919.806952535,7218919.806952535,7218919.806952535,7218919.806952535,7218919.806952535,7218919.806952535,7218919.806952535
7218712.1853776015,7218712.1853776015,7218712.1853776015,7218712.1853776015,7218712.1853776015,7218712.1853776015,7218712.1853776015,7218712.1853776015,7218712.1853776015,7218712.1853776015
7218346.285150182,7218346.285150182,7218346.285150182,7218346.285150182,7218346.285150182,7218346.285150182,7218346.285150182,7218346.285150182,7218346.285150182,7218346.285150182
7217383.834206868,7217383.834206868,7217383.834206868,7217383.834206868,7217383.834206868,7217383.834206868,7217383.834206868,7217383.834206868,7217383.834206868,7217383.834206868
7216179.695245382,7216179.695245382,7216179.695245382,7216179.695245382,7216179.695245382,7216179.695245382,7216179.695245382,7216179.695245382,7216179.695245382,7216179.695245382
7209111.358543323,7209111.358543323,7209111.358543323,7209111.358543323,7209111.358543323,7209111.358543323,7209111.358543323,7209111.358543323,7209111.358543323,7209111.358543323
7204403.9988573305,7204403.9988573305,7204403.9988573305,7204403.9988573305,7204403.9988573305,7204403.9988573305,7204403.9988573305,7204403.9988573305,7204403.9988573305,7204403.9988573305
7196197.167379964,7196197.167379964,7196197.167379964,7196197.167379964,7196197.167379964,7196197.167379964,7196197.167379964,7196197.167379964,7196197.167379964,7196197.167379964
7196197.167379964,7196197.167379964,7196197.167379964,7196197.167379964,7196197.167379964,7196197.167379964,7196197.167379964,7196197.167379964,7196197.167379964,7196197.167379964
7194618.968326048,7194618.968326048,7194618.968326048,7194618.968326048,7194618.968326048,7194618.968326048,7194618.968326048,7194618.968326048,7194618.968326048,7194618.968326048
7193196.212151409,7193196.212151409,7193196.212151409,7193196.212151409,7193196.212151409,7193196.212151409,7193196.212151409,7193196.212151409,7193196.212151409,7193196.212151409
7191604.714645611,7191604.714645611,7191604.714645611,7191604.714645611,7191604.714645611,7191604.714645611,7191604.714645611,7191604.714645611,7191604.714645611,7191604.714645611
7188099.260520059,7188099.260520059,7188099.260520059,7188099.260520059,7188099.260520059,7188099.260520059,7188099.260520059,7188099.260520059,7188099.260520059,7188099.260520059
7178397.279311605,7178397.279311605,7178397.279311605,7178397.279311605,7178397.279311605,7178397.279311605,7178397.279311605,7178397.279311605,7178397.279311605,7178397.279311605
7177369.682858983,7177369.682858983,7177369.682858983,7177369.682858983,7177369.682858983,7177369.682858983,7177369.682858983,7177369.682858983,7177369.682858983,7177369.682858983
7174417.335935369,7174417.335935369,7174417.335935369,7174417.335935369,7174417.335935369,7174417.335935369,7174417.335935369,7174417.335935369,7174417.335935369,7174417.335935369
7173981.043534985,7173981.043534985,7173981.043534985,7173981.043534985,7173981.043534985,7173981.043534985,7173981.043534985,7173981.043534985,7173981.043534985,7173981.043534985
7173557.3123651715,7173557.3123651715,7173557.3123651715,7173557.3123651715,7173557.3123651715,7173557.3123651715,7173557.3123651715,7173557.3123651715,7173557.3123651715,7173557.3123651715
7173290.336344002,7173290.336344002,7173290.336344002,7173290.336344002,7173290.336344002,7173290.336344002,7173290.336344002,7173290.336344002,7173290.336344002,7173290.336344002
7172413.647485664,7172413.647485664,7172413.647485664,7172413.647485664,7172413.647485664,7172413.647485664,7172413.647485664,7172413.647485664,7172413.647485664,7172413.647485664
7172092.431754295,7172092.431754295,7172092.431754295,7172092.431754295,7172092.431754295,7172092.431754295,7172092.431754295,7172092.431754295,7172092.431754295,7172092.431754295
7170560.912562759,7170560.912562759,7170560.912562759,7170560.912562759,7170560.912562759,7170560.912562759,7170560.912562759,7170560.912562759,7170560.912562759,7170560.912562759
7169036.103906045,7169036.103906045,7169036.103906045,7169036.103906045,7169036.103906045,7169036.103906045,7169036.103906045,7169036.103906045,7169036.103906045,7169036.103906045
7167895.928853177,7167895.928853177,7167895.928853177,7167895.928853177,7167895.928853177,7167895.928853177,7167895.928853177,7167895.928853177,7167895.928853177,7167895.928853177
7166653.807367749,7166653.807367749,7166653.807367749,7166653.807367749,7166653.807367749,7166653.807367749,7166653.807367749,7166653.807367749,7166653.807367749,7166653.807367749
7166236.673777544,7166236.673777544,7166236.673777544,7166236.673777544,7166236.673777544,7166236.673777544,7166236.673777544,7166236.673777544,7166236.673777544,7166236.673777544
7165957.757877314,7165957.757877314,7165957.757877314,7165957.757877314,7165957.757877314,7165957.757877314,7165957.757877314,7165957.757877314,7165957.757877314,7165957.757877314
7165753.612114089,7165753.612114089,7165753.612114089,7165753.612114089,7165753.612114089,7165753.612114089,7165753.612114089,7165753.612114089,7165753.612114089,7165753.612114089
7165703.679164452,7165703.679164452,7165703.679164452,7165703.679164452,7165703.679164452,7165703.679164452,7165703.679164452,7165703.679164452,7165703.679164452,7165703.679164452
7165518.9780155495,7165518.9780155495,7165518.9780155495,7165518.9780155495,7165518.9780155495,7165518.9780155495,7165518.9780155495,7165518.9780155495,7165518.9780155495,7165518.9780155495
7165388.490423288,7165388.490423288,7165388.490423288,7165388.490423288,7165388.490423288,7165388.490423288,7165388.490423288,7165388.490423288,7165388.490423288,7165388.490423288
7165061.460033776,7165061.460033776,7165061.460033776,7165061.460033776,7165061.460033776,7165061.460033776,7165061.460033776,7165061.460033776,7165061.460033776,7165061.460033776
7164870.411132095,7164870.411132095,7164870.411132095,7164870.411132095,7164870.411132095,7164870.411132095,7164870.411132095,7164870.411132095,7164870.411132095,7164870.411132095
7164627.450668659,7164627.450668659,7164627.450668659,7164627.450668659,7164627.450668659,7164627.450668659,7164627.450668659,7164627.450668659,7164627.450668659,7164627.450668659
7164428.622998568,7164428.622998568,7164428.622998568,7164428.622998568,7164428.622998568,7164428.622998568,7164428.622998568,7164428.622998568,7164428.622998568,7164428.622998568
7136270.103649523,7136270.103649523,7136270.103649523,7136270.103649523,7136270.103649523,7136270.103649523,7136270.103649523,7136270.103649523,7136270.103649523,7136270.103649523
7132599.365884734,7132599.365884734,7132599.365884734,7132599.365884734,7132599.365884734,7132599.365884734,7132599.365884734,7132599.365884734,7132599.365884734,7132599.365884734
7132110.268250685,7132110.268250685,7132110.268250685,7132110.268250685,7132110.268250685,7132110.268250685,7132110.268250685,7132110.268250685,7132110.268250685,7132110.268250685
7132110.268250685,7132110.268250685,7132110.268250685,7132110.268250685,7132110.268250685,7132110.268250685,7132110.268250685,7132110.268250685,7132110.268250685,7132110.268250685
7131980.842839315,7131980.842839315,7131980.842839315,7131980.842839315,7131980.842839315,7131980.842839315,7131980.842839315,7131980.842839315,7131980.842839315,7131980.842839315
7131284.676163802,7131284.676163802,7131284.676163802,7131284.676163802,7131284.676163802,7131284.676163802,7131284.676163802,7131284.676163802,7131284.676163802,7131284.676163802
7130138.247216074,7130138.247216074,7130138.247216074,7130138.247216074,7130138.247216074,7130138.247216074,7130138.247216074,7130138.247216074,7130138.247216074,7130138.247216074
7129377.423386679,7129377.423386679,7129377.423386679,7129377.423386679,7129377.423386679,7129377.423386679,7129377.423386679,7129377.423386679,7129377.423386679,7129377.423386679
7128964.56292238,7128964.56292238,7128964.56292238,7128964.56292238,7128964.56292238,7128964.56292238,7128964.56292238,7128964.56292238,7128964.56292238,7128964.56292238
7128643.941837934,7128643.941837934,7128643.941837934,7128643.941837934,7128643.941837934,7128643.941837934,7128643.941837934,7128643.941837934,7128643.941837934,7128643.941837934
7127302.331990708,7127302.331990708,7127302.331990708,7127302.331990708,7127302.331990708,7127302.331990708,7127302.331990708,7127302.331990708,7127302.331990708,7127302.331990708
7126203.948646269,7126203.948646269,7126203.948646269,7126203.948646269,7126203.948646269,7126203.948646269,7126203.948646269,7126203.948646269,7126203.948646269,7126203.948646269
7125484.794167919,7125484.794167919,7125484.794167919,7125484.794167919,7125484.794167919,7125484.794167919,7125484.794167919,7125484.794167919,7125484.794167919,7125484.794167919
7124504.285384299,7124504.285384299,7124504.285384299,7124504.285384299,7124504.285384299,7124504.285384299,7124504.285384299,7124504.285384299,7124504.285384299,7124504.285384299
7124248.46678227,7124248.46678227,7124248.46678227,7124248.46678227,7124248.46678227,7124248.46678227,7124248.46678227,7124248.46678227,7124248.46678227,7124248.46678227
7123321.797133684,7123321.797133684,7123321.797133684,7123321.797133684,7123321.797133684,7123321.797133684,7123321.797133684,7123321.797133684,7123321.797133684,7123321.797133684
7123198.287693363,7123198.287693363,7123198.287693363,7123198.287693363,7123198.287693363,7123198.287693363,7123198.287693363,7123198.287693363,7123198.287693363,7123198.287693363
7123196.183524602,7123196.183524602,7123196.183524602,7123196.183524602,7123196.183524602,7123196.183524602,7123196.183524602,7123196.183524602,7123196.183524602,7123196.183524602
7123196.183524602,7123196.183524602,7123196.183524602,7123196.183524602,7123196.183524602,7123196.183524602,7123196.183524602,7123196.183524602,7123196.183524602,7123196.183524602
7123173.476939505,7123173.476939505,7123173.476939505,7123173.476939505,7123173.476939505,7123173.476939505,7123173.476939505,7123173.476939505,7123173.476939505,7123173.476939505
7123150.425015053,7123150.425015053,7123150.425015053,7123150.425015053,7123150.425015053,7123150.425015053,7123150.425015053,7123150.425015053,7123150.425015053,7123150.425015053
7122615.903353532,7122615.903353532,7122615.903353532,7122615.903353532,7122615.903353532,7122615.903353532,7122615.903353532,7122615.903353532,7122615.903353532,7122615.903353532
7122353.838764333,7122353.838764333,7122353.838764333,7122353.838764333,7122353.838764333,7122353.838764333,7122353.838764333,7122353.838764333,7122353.838764333,7122353.838764333
7122041.1860104315,7122041.1860104315,7122041.1860104315,7122041.1860104315,7122041.1860104315,7122041.1860104315,7122041.1860104315,7122041.1860104315,7122041.1860104315,7122041.1860104315
7118400.555111701,7118400.555111701,7118400.555111701,7118400.555111701,7118400.555111701,7118400.555111701,7118400.555111701,7118400.555111701,7118400.555111701,7118400.555111701
7117444.481674382,7117444.481674382,7117444.481674382,7117444.481674382,7117444.481674382,7117444.481674382,7117444.481674382,7117444.481674382,7117444.481674382,7117444.481674382
7116088.095639037,7116088.095639037,7116088.095639037,7116088.095639037,7116088.095639037,7116088.095639037,7116088.095639037,7116088.095639037,7116088.095639037,7116088.095639037
7116088.095639037,7116088.095639037,7116088.095639037,7116088.095639037,7116088.095639037,7116088.095639037,7116088.095639037,7116088.095639037,7116088.095639037,7116088.095639037
7115482.079289878,7115482.079289878,7115482.079289878,7115482.079289878,7115482.079289878,7115482.079289878,7115482.079289878,7115482.079289878,7115482.079289878,7115482.079289878
7115242.437607616,7115242.437607616,7115242.437607616,7115242.437607616,7115242.437607616,7115242.437607616,7115242.437607616,7115242.437607616,7115242.437607616,7115242.437607616
7115100.328167649,7115100.328167649,7115100.328167649,7115100.328167649,7115100.328167649,7115100.328167649,7115100.328167649,7115100.328167649,7115100.328167649,7115100.328167649
7114797.670481425,7114797.670481425,7114797.670481425,7114797.670481425,7114797.670481425,7114797.670481425,7114797.670481425,7114797.670481425,7114797.670481425,7114797.670481425
7114291.449911566,7114291.449911566,7114291.449911566,7114291.449911566,7114291.449911566,7114291.449911566,7114291.449911566,7114291.449911566,7114291.449911566,7114291.449911566
7114146.524352704,7114146.524352704,7114146.524352704,7114146.524352704,7114146.524352704,7114146.524352704,7114146.524352704,7114146.524352704,7114146.524352704,7114146.524352704
7113978.538168139,7113978.538168139,7113978.538168139,7113978.538168139,7113978.538168139,7113978.538168139,7113978.538168139,7113978.538168139,7113978.538168139,7113978.538168139
7113661.465600857,7113661.465600857,7113661.465600857,7113661.465600857,7113661.465600857,7113661.465600857,7113661.465600857,7113661.465600857,7113661.465600857,7113661.465600857
7113629.757650673,7113629.757650673,7113629.757650673,7113629.757650673,7113629.757650673,7113629.757650673,7113629.757650673,7113629.757650673,7113629.757650673,7113629.757650673
7113578.01354133,7113578.01354133,7113578.01354133,7113578.01354133,7113578.01354133,7113578.01354133,7113578.01354133,7113578.01354133,7113578.01354133,7113578.01354133
7113522.013147047,7113522.013147047,7113522.013147047,7113522.013147047,7113522.013147047,7113522.013147047,7113522.013147047,7113522.013147047,7113522.013147047,7113522.013147047
7113513.02211294,7113513.02211294,7113513.02211294,7113513.02211294,7113513.02211294,7113513.02211294,7113513.02211294,7113513.02211294,7113513.02211294,7113513.02211294
7113468.472255783,7113468.472255783,7113468.472255783,7113468.472255783,7113468.472255783,7113468.472255783,7113468.472255783,7113468.472255783,7113468.472255783,7113468.472255783
7112889.553688655,7112889.553688655,7112889.553688655,7112889.553688655,7112889.553688655,7112889.553688655,7112889.553688655,7112889.553688655,7112889.553688655,7112889.553688655
7112686.765700515,7112686.765700515,7112686.765700515,7112686.765700515,7112686.765700515,7112686.765700515,7112686.765700515,7112686.765700515,7112686.765700515,7112686.765700515
7112313.459384056,7112313.459384056,7112313.459384056,7112313.459384056,7112313.459384056,7112313.459384056,7112313.459384056,7112313.459384056,7112313.459384056,7112313.459384056
7112090.702114185,7112090.702114185,7112090.702114185,7112090.702114185,7112090.702114185,7112090.702114185,7112090.702114185,7112090.702114185,7112090.702114185,7112090.702114185
7111613.46275364,7111613.46275364,7111613.46275364,7111613.46275364,7111613.46275364,7111613.46275364,7111613.46275364,7111613.46275364,7111613.46275364,7111613.46275364
7111473.436185231,7111473.436185231,7111473.436185231,7111473.436185231,7111473.436185231,7111473.436185231,7111473.436185231,7111473.436185231,7111473.436185231,7111473.436185231
7110682.690992093,7110682.690992093,7110682.690992093,7110682.690992093,7110682.690992093,7110682.690992093,7110682.690992093,7110682.690992093,7110682.690992093,7110682.690992093
7110116.538215046,7110116.538215046,7110116.538215046,7110116.538215046,7110116.538215046,7110116.538215046,7110116.538215046,7110116.538215046,7110116.538215046,7110116.538215046
7109256.258773855,7109256.258773855,7109256.258773855,7109256.258773855,7109256.258773855,7109256.258773855,7109256.258773855,7109256.258773855,7109256.258773855,7109256.258773855
7108461.109205351,7108461.109205351,7108461.109205351,7108461.109205351,7108461.109205351,7108461.109205351,7108461.109205351,7108461.109205351,7108461.109205351,7108461.109205351
7107958.593514578,7107958.593514578,7107958.593514578,7107958.593514578,7107958.593514578,7107958.593514578,7107958.593514578,7107958.593514578,7107958.593514578,7107958.593514578
7106411.482232862,7106411.482232862,7106411.482232862,7106411.482232862,7106411.482232862,7106411.482232862,7106411.482232862,7106411.482232862,7106411.482232862,7106411.482232862
7106180.706326168,7106180.706326168,7106180.706326168,7106180.706326168,7106180.706326168,7106180.706326168,7106180.706326168,7106180.706326168,7106180.706326168,7106180.706326168
7104681.221287095,7104681.221287095,7104681.221287095,7104681.221287095,7104681.221287095,7104681.221287095,7104681.221287095,7104681.221287095,7104681.221287095,7104681.221287095
7102896.263900862,7102896.263900862,7102896.263900862,7102896.263900862,7102896.263900862,7102896.263900862,7102896.263900862,7102896.263900862,7102896.263900862,7102896.263900862
7101577.259621441,7101577.259621441,7101577.259621441,7101577.259621441,7101577.259621441,7101577.259621441,7101577.259621441,7101577.259621441,7101577.259621441,7101577.259621441
7100053.190571133,7100053.190571133,7100053.190571133,7100053.190571133,7100053.190571133,7100053.190571133,7100053.190571133,7100053.190571133,7100053.190571133,7100053.190571133
7086800.910767469,7086800.910767469,7086800.910767469,7086800.910767469,7086800.910767469,7086800.910767469,7086800.910767469,7086800.910767469,7086800.910767469,7086800.910767469
7082977.47874133,7082977.47874133,7082977.47874133,7082977.47874133,7082977.47874133,7082977.47874133,7082977.47874133,7082977.47874133,7082977.47874133,7082977.47874133
7081864.277271022,7081864.277271022,7081864.277271022,7081864.277271022,7081864.277271022,7081864.277271022,7081864.277271022,7081864.277271022,7081864.277271022,7081864.277271022
7076667.609189099,7076667.609189099,7076667.609189099,7076667.609189099,7076667.609189099,7076667.609189099,7076667.609189099,7076667.609189099,7076667.609189099,7076667.609189099
7076667.609189099,7076667.609189099,7076667.609189099,7076667.609189099,7076667.609189099,7076667.609189099,7076667.609189099,7076667.609189099,7076667.609189099,7076667.609189099
7075686.359627826,7075686.359627826,7075686.359627826,7075686.359627826,7075686.359627826,7075686.359627826,7075686.359627826,7075686.359627826,7075686.359627826,7075686.359627826
7073615.530822932,7073615.530822932,7073615.530822932,7073615.530822932,7073615.530822932,7073615.530822932,7073615.530822932,7073615.530822932,7073615.530822932,7073615.530822932
7072416.99001075,7072416.99001075,7072416.99001075,7072416.99001075,7072416.99001075,7072416.99001075,7072416.99001075,7072416.99001075,7072416.99001075,7072416.99001075
7068984.298969957,7068984.298969957,7068984.298969957,7068984.298969957,7068984.298969957,7068984.298969957,7068984.298969957,7068984.298969957,7068984.298969957,7068984.298969957
7063875.288329193,7063875.288329193,7063875.288329193,7063875.288329193,7063875.288329193,7063875.288329193,7063875.288329193,7063875.288329193,7063875.288329193,7063875.288329193
7058008.309911137,7058008.309911137,7058008.309911137,7058008.309911137,7058008.309911137,7058008.309911137,7058008.309911137,7058008.309911137,7058008.309911137,7058008.309911137
7049922.539323704,7049922.539323704,7049922.539323704,7049922.539323704,7049922.539323704,7049922.539323704,7049922.539323704,7049922.539323704,7049922.539323704,7049922.539323704
7041184.587560562,7041184.587560562,7041184.587560562,7041184.587560562,7041184.587560562,7041184.587560562,7041184.587560562,7041184.587560562,7041184.587560562,7041184.587560562
7032496.207989744,7032496.207989744,7032496.207989744,7032496.207989744,7032496.207989744,7032496.207989744,7032496.207989744,7032496.207989744,7032496.207989744,7032496.207989744
7020750.91593359,7020750.91593359,7020750.91593359,7020750.91593359,7020750.91593359,7020750.91593359,7020750.91593359,7020750.91593359,7020750.91593359,7020750.91593359
7004275.947856497,7004275.947856497,7004275.947856497,7004275.947856497,7004275.947856497,7004275.947856497,7004275.947856497,7004275.947856497,7004275.947856497,7004275.947856497
6980409.021984638,6980409.021984638,6980409.021984638,6980409.021984638,6980409.021984638,6980409.021984638,6980409.021984638,6980409.021984638,6980409.021984638,6980409.021984638
6969532.516115841,6969532.516115841,6969532.516115841,6969532.516115841,6969532.516115841,6969532.516115841,6969532.516115841,6969532.516115841,6969532.516115841,6969532.516115841
6934353.598480796,6934353.598480796,6934353.598480796,6934353.598480796,6934353.598480796,6934353.598480796,6934353.598480796,6934353.598480796,6934353.598480796,6934353.598480796
6879788.354841823,6879788.354841823,6879788.354841823,6879788.354841823,6879788.354841823,6879788.354841823,6879788.354841823,6879788.354841823,6879788.354841823,6879788.354841823
6835518.759268139,6835518.759268139,6835518.759268139,6835518.759268139,6835518.759268139,6835518.759268139,6835518.759268139,6835518.759268139,6835518.759268139,6835518.759268139
6828187.1494480735,6828187.1494480735,6828187.1494480735,6828187.1494480735,6828187.1494480735,6828187.1494480735,6828187.1494480735,6828187.1494480735,6828187.1494480735,6828187.1494480735
6828129.166993827,6828129.166993827,6828129.166993827,6828129.166993827,6828129.166993827,6828129.166993827,6828129.166993827,6828129.166993827,6828129.166993827,6828129.166993827
6828123.291034905,6828123.291034905,6828123.291034905,6828123.291034905,6828123.291034905,6828123.291034905,6828123.291034905,6828123.291034905,6828123.291034905,6828123.291034905
6828122.117905556,6828122.117905556,6828122.117905556,6828122.117905556,6828122.117905556,6828122.117905556,6828122.117905556,6828122.117905556,6828122.117905556,6828122.117905556
6828119.155802854,6828119.155802854,6828119.155802854,6828119.155802854,6828119.155802854,6828119.155802854,6828119.155802854,6828119.155802854,6828119.155802854,6828119.155802854
6812478.894915616,6812478.894915616,6812478.894915616,6812478.894915616,6812478.894915616,6812478.894915616,6812478.894915616,6812478.894915616,6812478.894915616,6812478.894915616
6811765.041898587,6811765.041898587,6811765.041898587,6811765.041898587,6811765.041898587,6811765.041898587,6811765.041898587,6811765.041898587,6811765.041898587,6811765.041898587
6811129.79382521,6811129.79382521,6811129.79382521,6811129.79382521,6811129.79382521,6811129.79382521,6811129.79382521,6811129.79382521,6811129.79382521,6811129.79382521
6810104.040906323,6810104.040906323,6810104.040906323,6810104.040906323,6810104.040906323,6810104.040906323,6810104.040906323,6810104.040906323,6810104.040906323,6810104.040906323
6809435.857036032,6809435.857036032,6809435.857036032,6809435.857036032,6809435.857036032,6809435.857036032,6809435.857036032,6809435.857036032,6809435.857036032,6809435.857036032
6808430.21568558,6808430.21568558,6808430.21568558,6808430.21568558,6808430.21568558,6808430.21568558,6808430.21568558,6808430.21568558,6808430.21568558,6808430.21568558
6807931.949420129,6807931.949420129,6807931.949420129,6807931.949420129,6807931.949420129,6807931.949420129,6807931.949420129,6807931.949420129,6807931.949420129,6807931.949420129
6807889.42158279,6807889.42158279,6807889.42158279,6807889.42158279,6807889.42158279,6807889.42158279,6807889.42158279,6807889.42158279,6807889.42158279,6807889.42158279
6807211.244814134,6807211.244814134,6807211.244814134,6807211.244814134,6807211.244814134,6807211.244814134,6807211.244814134,6807211.244814134,6807211.244814134,6807211.244814134
6806247.155005308,6806247.155005308,6806247.155005308,6806247.155005308,6806247.155005308,6806247.155005308,6806247.155005308,6806247.155005308,6806247.155005308,6806247.155005308
6805714.0524813775,6805714.0524813775,6805714.0524813775,6805714.0524813775,6805714.0524813775,6805714.0524813775,6805714.0524813775,6805714.0524813775,6805714.0524813775,6805714.0524813775
6804279.18058352,6804279.18058352,6804279.18058352,6804279.18058352,6804279.18058352,6804279.18058352,6804279.18058352,6804279.18058352,6804279.18058352,6804279.18058352
6803299.999355147,6803299.999355147,6803299.999355147,6803299.999355147,6803299.999355147,6803299.999355147,6803299.999355147,6803299.999355147,6803299.999355147,6803299.999355147
6802466.5693788435,6802466.5693788435,6802466.5693788435,6802466.5693788435,6802466.5693788435,6802466.5693788435,6802466.5693788435,6802466.5693788435,6802466.5693788435,6802466.5693788435
6798795.681362229,6798795.681362229,6798795.681362229,6798795.681362229,6798795.681362229,6798795.681362229,6798795.681362229,6798795.681362229,6798795.681362229,6798795.681362229
6795512.816914338,6795512.816914338,6795512.816914338,6795512.816914338,6795512.816914338,6795512.816914338,6795512.816914338,6795512.816914338,6795512.816914338,6795512.816914338
6791789.233188553,6791789.233188553,6791789.233188553,6791789.233188553,6791789.233188553,6791789.233188553,6791789.233188553,6791789.233188553,6791789.233188553,6791789.233188553
6785922.684707577,6785922.684707577,6785922.684707577,6785922.684707577,6785922.684707577,6785922.684707577,6785922.684707577,6785922.684707577,6785922.684707577,6785922.684707577
6779846.782553064,6779846.782553064,6779846.782553064,6779846.782553064,6779846.782553064,6779846.782553064,6779846.782553064,6779846.782553064,6779846.782553064,6779846.782553064
6773395.395357718,6773395.395357718,6773395.395357718,6773395.395357718,6773395.395357718,6773395.395357718,6773395.395357718,6773395.395357718,6773395.395357718,6773395.395357718
6767801.163678003,6767801.163678003,6767801.163678003,6767801.163678003,6767801.163678003,6767801.163678003,6767801.163678003,6767801.163678003,6767801.163678003,6767801.163678003
6764921.509041245,6764921.509041245,6764921.509041245,6764921.509041245,6764921.509041245,6764921.509041245,6764921.509041245,6764921.509041245,6764921.509041245,6764921.509041245
6764445.300448541,6764445.300448541,6764445.300448541,6764445.300448541,6764445.300448541,6764445.300448541,6764445.300448541,6764445.300448541,6764445.300448541,6764445.300448541
6764412.079961613,6764412.079961613,6764412.079961613,6764412.079961613,6764412.079961613,6764412.079961613,6764412.079961613,6764412.079961613,6764412.079961613,6764412.079961613
6764237.493082506,6764237.493082506,6764237.493082506,6764237.493082506,6764237.493082506,6764237.493082506,6764237.493082506,6764237.493082506,6764237.493082506,6764237.493082506
6764196.11443856,6764196.11443856,6764196.11443856,6764196.11443856,6764196.11443856,6764196.11443856,6764196.11443856,6764196.11443856,6764196.11443856,6764196.11443856
6764130.009271016,6764130.009271016,6764130.009271016,6764130.009271016,6764130.009271016,6764130.009271016,6764130.009271016,6764130.009271016,6764130.009271016,6764130.009271016
6763540.0948244585,6763540.0948244585,6763540.0948244585,6763540.0948244585,6763540.0948244585,6763540.0948244585,6763540.0948244585,6763540.0948244585,6763540.0948244585,6763540.0948244585
6763216.911002247,6763216.911002247,6763216.911002247,6763216.911002247,6763216.911002247,6763216.911002247,6763216.911002247,6763216.911002247,6763216.911002247,6763216.911002247
6763010.345005561,6763010.345005561,6763010.345005561,6763010.345005561,6763010.345005561,6763010.345005561,6763010.345005561,6763010.345005561,6763010.345005561,6763010.345005561
6762834.888515605,6762834.888515605,6762834.888515605,6762834.888515605,6762834.888515605,6762834.888515605,6762834.888515605,6762834.888515605,6762834.888515605,6762834.888515605
6762585.964949664,6762585.964949664,6762585.964949664,6762585.964949664,6762585.964949664,6762585.964949664,6762585.964949664,6762585.964949664,6762585.964949664,6762585.964949664
6762472.581096173,6762472.581096173,6762472.581096173,6762472.581096173,6762472.581096173,6762472.581096173,6762472.581096173,6762472.581096173,6762472.581096173,6762472.581096173
6762337.27254041,6762337.27254041,6762337.27254041,6762337.27254041,6762337.27254041,6762337.27254041,6762337.27254041,6762337.27254041,6762337.27254041,6762337.27254041
6753070.607801219,6753070.607801219,6753070.607801219,6753070.607801219,6753070.607801219,6753070.607801219,6753070.607801219,6753070.607801219,6753070.607801219,6753070.607801219
6750761.301350418,6750761.301350418,6750761.301350418,6750761.301350418,6750761.301350418,6750761.301350418,6750761.301350418,6750761.301350418,6750761.301350418,6750761.301350418
6748203.156981237,6748203.156981237,6748203.156981237,6748203.156981237,6748203.156981237,6748203.156981237,6748203.156981237,6748203.156981237,6748203.156981237,6748203.156981237
6746612.887105052,6746612.887105052,6746612.887105052,6746612.887105052,6746612.887105052,6746612.887105052,6746612.887105052,6746612.887105052,6746612.887105052,6746612.887105052
6745568.752791544,6745568.752791544,6745568.752791544,6745568.752791544,6745568.752791544,6745568.752791544,6745568.752791544,6745568.752791544,6745568.752791544,6745568.752791544
6745522.239046816,6745522.239046816,6745522.239046816,6745522.239046816,6745522.239046816,6745522.239046816,6745522.239046816,6745522.239046816,6745522.239046816,6745522.239046816
6744281.517821641,6744281.517821641,6744281.517821641,6744281.517821641,6744281.517821641,6744281.517821641,6744281.517821641,6744281.517821641,6744281.517821641,6744281.517821641
6743190.938196487,6743190.938196487,6743190.938196487,6743190.938196487,6743190.938196487,6743190.938196487,6743190.938196487,6743190.938196487,6743190.938196487,6743190.938196487
6742456.649464619,6742456.649464619,6742456.649464619,6742456.649464619,6742456.649464619,6742456.649464619,6742456.649464619,6742456.649464619,6742456.649464619,6742456.649464619
6741110.6150511205,6741110.6150511205,6741110.6150511205,6741110.6150511205,6741110.6150511205,6741110.6150511205,6741110.6150511205,6741110.6150511205,6741110.6150511205,6741110.6150511205
6740285.73157245,6740285.73157245,6740285.73157245,6740285.73157245,6740285.73157245,6740285.73157245,6740285.73157245,6740285.73157245,6740285.73157245,6740285.73157245
6739976.852758177,6739976.852758177,6739976.852758177,6739976.852758177,6739976.852758177,6739976.852758177,6739976.852758177,6739976.852758177,6739976.852758177,6739976.852758177
6739755.654699362,6739755.654699362,6739755.654699362,6739755.654699362,6739755.654699362,6739755.654699362,6739755.654699362,6739755.654699362,6739755.654699362,6739755.654699362
6738845.8933343105,6738845.8933343105,6738845.8933343105,6738845.8933343105,6738845.8933343105,6738845.8933343105,6738845.8933343105,6738845.8933343105,6738845.8933343105,6738845.8933343105
6738373.843266837,6738373.843266837,6738373.843266837,6738373.843266837,6738373.843266837,6738373.843266837,6738373.843266837,6738373.843266837,6738373.843266837,6738373.843266837
6738265.16689656,6738265.16689656,6738265.16689656,6738265.16689656,6738265.16689656,6738265.16689656,6738265.16689656,6738265.16689656,6738265.16689656,6738265.16689656
6737751.560704911,6737751.560704911,6737751.560704911,6737751.560704911,6737751.560704911,6737751.560704911,6737751.560704911,6737751.560704911,6737751.560704911,6737751.560704911
6737730.199264854,6737730.199264854,6737730.199264854,6737730.199264854,6737730.199264854,6737730.199264854,6737730.199264854,6737730.199264854,6737730.199264854,6737730.199264854
6734741.521384181,6734741.521384181,6734741.521384181,6734741.521384181,6734741.521384181,6734741.521384181,6734741.521384181,6734741.521384181,6734741.521384181,6734741.521384181
6721881.563709691,6721881.563709691,6721881.563709691,6721881.563709691,6721881.563709691,6721881.563709691,6721881.563709691,6721881.563709691,6721881.563709691,6721881.563709691
6719820.702001811,6719820.702001811,6719820.702001811,6719820.702001811,6719820.702001811,6719820.702001811,6719820.702001811,6719820.702001811,6719820.702001811,6719820.702001811
6718090.844218719,6718090.844218719,6718090.844218719,6718090.844218719,6718090.844218719,6718090.844218719,6718090.844218719,6718090.844218719,6718090.844218719,6718090.844218719
6717707.221453906,6717707.221453906,6717707.221453906,6717707.221453906,6717707.221453906,6717707.221453906,6717707.221453906,6717707.221453906,6717707.221453906,6717707.221453906
6715977.796007767,6715977.796007767,6715977.796007767,6715977.796007767,6715977.796007767,6715977.796007767,6715977.796007767,6715977.796007767,6715977.796007767,6715977.796007767
6712301.909761036,6712301.909761036,6712301.909761036,6712301.909761036,6712301.909761036,6712301.909761036,6712301.909761036,6712301.909761036,6712301.909761036,6712301.909761036
6710213.966115056,6710213.966115056,6710213.966115056,6710213.966115056,6710213.966115056,6710213.966115056,6710213.966115056,6710213.966115056,6710213.966115056,6710213.966115056
6707183.5200909255,6707183.5200909255,6707183.5200909255,6707183.5200909255,6707183.5200909255,6707183.5200909255,6707183.5200909255,6707183.5200909255,6707183.5200909255,6707183.5200909255
6704458.741016498,6704458.741016498,6704458.741016498,6704458.741016498,6704458.741016498,6704458.741016498,6704458.741016498,6704458.741016498,6704458.741016498,6704458.741016498
6700989.371122008,6700989.371122008,6700989.371122008,6700989.371122008,6700989.371122008,6700989.371122008,6700989.371122008,6700989.371122008,6700989.371122008,6700989.371122008
6699655.10864043,6699655.10864043,6699655.10864043,6699655.10864043,6699655.10864043,6699655.10864043,6699655.10864043,6699655.10864043,6699655.10864043,6699655.10864043
6697130.342042047,6697130.342042047,6697130.342042047,6697130.342042047,6697130.342042047,6697130.342042047,6697130.342042047,6697130.342042047,6697130.342042047,6697130.342042047
6696635.863314459,6696635.863314459,6696635.863314459,6696635.863314459,6696635.863314459,6696635.863314459,6696635.863314459,6696635.863314459,6696635.863314459,6696635.863314459
6696416.160940414,6696416.160940414,6696416.160940414,6696416.160940414,6696416.160940414,6696416.160940414,6696416.160940414,6696416.160940414,6696416.160940414,6696416.160940414
6696186.344491387,6696186.344491387,6696186.344491387,6696186.344491387,6696186.344491387,6696186.344491387,6696186.344491387,6696186.344491387,6696186.344491387,6696186.344491387
6695028.407222883,6695028.407222883,6695028.407222883,6695028.407222883,6695028.407222883,6695028.407222883,6695028.407222883,6695028.407222883,6695028.407222883,6695028.407222883
6694771.705417641,6694771.705417641,6694771.705417641,6694771.705417641,6694771.705417641,6694771.705417641,6694771.705417641,6694771.705417641,6694771.705417641,6694771.705417641
6694398.1274945745,6694398.1274945745,6694398.1274945745,6694398.1274945745,6694398.1274945745,6694398.1274945745,6694398.1274945745,6694398.1274945745,6694398.1274945745,6694398.1274945745
6694256.478154523,6694256.478154523,6694256.478154523,6694256.478154523,6694256.478154523,6694256.478154523,6694256.478154523,6694256.478154523,6694256.478154523,6694256.478154523
6694159.293836312,6694159.293836312,6694159.293836312,6694159.293836312,6694159.293836312,6694159.293836312,6694159.293836312,6694159.293836312,6694159.293836312,6694159.293836312
6694150.369169694,6694150.369169694,6694150.369169694,6694150.369169694,6694150.369169694,6694150.369169694,6694150.369169694,6694150.369169694,6694150.369169694,6694150.369169694
6694145.884360099,6694145.884360099,6694145.884360099,6694145.884360099,6694145.884360099,6694145.884360099,6694145.884360099,6694145.884360099,6694145.884360099,6694145.884360099
6694110.406501381,6694110.406501381,6694110.406501381,6694110.406501381,6694110.406501381,6694110.406501381,6694110.406501381,6694110.406501381,6694110.406501381,6694110.406501381
6694095.986833521,6694095.986833521,6694095.986833521,6694095.986833521,6694095.986833521,6694095.986833521,6694095.986833521,6694095.986833521,6694095.986833521,6694095.986833521
6694083.745978453,6694083.745978453,6694083.745978453,6694083.745978453,6694083.745978453,6694083.745978453,6694083.745978453,6694083.745978453,6694083.745978453,6694083.745978453
6694064.832926822,6694064.832926822,6694064.832926822,6694064.832926822,6694064.832926822,6694064.832926822,6694064.832926822,6694064.832926822,6694064.832926822,6694064.832926822
6694034.376374751,6694034.376374751,6694034.376374751,6694034.376374751,6694034.376374751,6694034.376374751,6694034.376374751,6694034.376374751,6694034.376374751,6694034.376374751
6694012.823373905,6694012.823373905,6694012.823373905,6694012.823373905,6694012.823373905,6694012.823373905,6694012.823373905,6694012.823373905,6694012.823373905,6694012.823373905
6693983.510361427,6693983.510361427,6693983.510361427,6693983.510361427,6693983.510361427,6693983.510361427,6693983.510361427,6693983.510361427,6693983.510361427,6693983.510361427
6693951.045305017,6693951.045305017,6693951.045305017,6693951.045305017,6693951.045305017,6693951.045305017,6693951.045305017,6693951.045305017,6693951.045305017,6693951.045305017
6693918.999390407,6693918.999390407,6693918.999390407,6693918.999390407,6693918.999390407,6693918.999390407,6693918.999390407,6693918.999390407,6693918.999390407,6693918.999390407
6693875.717604545,6693875.717604545,6693875.717604545,6693875.717604545,6693875.717604545,6693875.717604545,6693875.717604545,6693875.717604545,6693875.717604545,6693875.717604545
6693830.374760934,6693830.374760934,6693830.374760934,6693830.374760934,6693830.374760934,6693830.374760934,6693830.374760934,6693830.374760934,6693830.374760934,6693830.374760934
6693778.026860626,6693778.026860626,6693778.026860626,6693778.026860626,6693778.026860626,6693778.026860626,6693778.026860626,6693778.026860626,6693778.026860626,6693778.026860626
6693716.258796349,6693716.258796349,6693716.258796349,6693716.258796349,6693716.258796349,6693716.258796349,6693716.258796349,6693716.258796349,6693716.258796349,6693716.258796349
6693639.25003146,6693639.25003146,6693639.25003146,6693639.25003146,6693639.25003146,6693639.25003146,6693639.25003146,6693639.25003146,6693639.25003146,6693639.25003146
6693506.341880096,6693506.341880096,6693506.341880096,6693506.341880096,6693506.341880096,6693506.341880096,6693506.341880096,6693506.341880096,6693506.341880096,6693506.341880096
6693396.182840646,6693396.182840646,6693396.182840646,6693396.182840646,6693396.182840646,6693396.182840646,6693396.182840646,6693396.182840646,6693396.182840646,6693396.182840646
6693221.23909593,6693221.23909593,6693221.23909593,6693221.23909593,6693221.23909593,6693221.23909593,6693221.23909593,6693221.23909593,6693221.23909593,6693221.23909593
6692980.2416583225,6692980.2416583225,6692980.2416583225,6692980.2416583225,6692980.2416583225,6692980.2416583225,6692980.2416583225,6692980.2416583225,6692980.2416583225,6692980.2416583225
6692791.636286248,6692791.636286248,6692791.636286248,6692791.636286248,6692791.636286248,6692791.636286248,6692791.636286248,6692791.636286248,6692791.636286248,6692791.636286248
6692581.096367269,6692581.096367269,6692581.096367269,6692581.096367269,6692581.096367269,6692581.096367269,6692581.096367269,6692581.096367269,6692581.096367269,6692581.096367269
6692534.546629045,6692534.546629045,6692534.546629045,6692534.546629045,6692534.546629045,6692534.546629045,6692534.546629045,6692534.546629045,6692534.546629045,6692534.546629045
6692534.461594209,6692534.461594209,6692534.461594209,6692534.461594209,6692534.461594209,6692534.461594209,6692534.461594209,6692534.461594209,6692534.461594209,6692534.461594209
6692534.410928118,6692534.410928118,6692534.410928118,6692534.410928118,6692534.410928118,6692534.410928118,6692534.410928118,6692534.410928118,6692534.410928118,6692534.410928118
6689562.4452303,6689562.4452303,6689562.4452303,6689562.4452303,6689562.4452303,6689562.4452303,6689562.4452303,6689562.4452303,6689562.4452303,6689562.4452303
6688295.475840279,6688295.475840279,6688295.475840279,6688295.475840279,6688295.475840279,6688295.475840279,6688295.475840279,6688295.475840279,6688295.475840279,6688295.475840279
6686670.689252525,6686670.689252525,6686670.689252525,6686670.689252525,6686670.689252525,6686670.689252525,6686670.689252525,6686670.689252525,6686670.689252525,6686670.689252525
6684537.263847637,6684537.263847637,6684537.263847637,6684537.263847637,6684537.263847637,6684537.263847637,6684537.263847637,6684537.263847637,6684537.263847637,6684537.263847637
6682230.325548143,6682230.325548143,6682230.325548143,6682230.325548143,6682230.325548143,6682230.325548143,6682230.325548143,6682230.325548143,6682230.325548143,6682230.325548143
6679044.361942981,6679044.361942981,6679044.361942981,6679044.361942981,6679044.361942981,6679044.361942981,6679044.361942981,6679044.361942981,6679044.361942981,6679044.361942981
6675676.532812366,6675676.532812366,6675676.532812366,6675676.532812366,6675676.532812366,6675676.532812366,6675676.532812366,6675676.532812366,6675676.532812366,6675676.532812366
6654391.404273679,6654391.404273679,6654391.404273679,6654391.404273679,6654391.404273679,6654391.404273679,6654391.404273679,6654391.404273679,6654391.404273679,6654391.404273679
6647959.432174975,6647959.432174975,6647959.432174975,6647959.432174975,6647959.432174975,6647959.432174975,6647959.432174975,6647959.432174975,6647959.432174975,6647959.432174975
6640032.997993977,6640032.997993977,6640032.997993977,6640032.997993977,6640032.997993977,6640032.997993977,6640032.997993977,6640032.997993977,6640032.997993977,6640032.997993977
6633217.057994457,6633217.057994457,6633217.057994457,6633217.057994457,6633217.057994457,6633217.057994457,6633217.057994457,6633217.057994457,6633217.057994457,6633217.057994457
6626747.830501482,6626747.830501482,6626747.830501482,6626747.830501482,6626747.830501482,6626747.830501482,6626747.830501482,6626747.830501482,6626747.830501482,6626747.830501482
6620734.021607416,6620734.021607416,6620734.021607416,6620734.021607416,6620734.021607416,6620734.021607416,6620734.021607416,6620734.021607416,6620734.021607416,6620734.021607416
6617231.58037998,6617231.58037998,6617231.58037998,6617231.58037998,6617231.58037998,6617231.58037998,6617231.58037998,6617231.58037998,6617231.58037998,6617231.58037998
6616867.777154095,6616867.777154095,6616867.777154095,6616867.777154095,6616867.777154095,6616867.777154095,6616867.777154095,6616867.777154095,6616867.777154095,6616867.777154095
6616857.468728473,6616857.468728473,6616857.468728473,6616857.468728473,6616857.468728473,6616857.468728473,6616857.468728473,6616857.468728473,6616857.468728473,6616857.468728473
6610178.662033398,6610178.662033398,6610178.662033398,6610178.662033398,6610178.662033398,6610178.662033398,6610178.662033398,6610178.662033398,6610178.662033398,6610178.662033398
6588949.382747295,6588949.382747295,6588949.382747295,6588949.382747295,6588949.382747295,6588949.382747295,6588949.382747295,6588949.382747295,6588949.382747295,6588949.382747295
6583232.230137363,6583232.230137363,6583232.230137363,6583232.230137363,6583232.230137363,6583232.230137363,6583232.230137363,6583232.230137363,6583232.230137363,6583232.230137363
6580714.548792366,6580714.548792366,6580714.548792366,6580714.548792366,6580714.548792366,6580714.548792366,6580714.548792366,6580714.548792366,6580714.548792366,6580714.548792366
6580599.524108225,6580599.524108225,6580599.524108225,6580599.524108225,6580599.524108225,6580599.524108225,6580599.524108225,6580599.524108225,6580599.524108225,6580599.524108225
6580377.902581211,6580377.902581211,6580377.902581211,6580377.902581211,6580377.902581211,6580377.902581211,6580377.902581211,6580377.902581211,6580377.902581211,6580377.902581211
6580178.955820901,6580178.955820901,6580178.955820901,6580178.955820901,6580178.955820901,6580178.955820901,6580178.955820901,6580178.955820901,6580178.955820901,6580178.955820901
6566621.874794329,6566621.874794329,6566621.874794329,6566621.874794329,6566621.874794329,6566621.874794329,6566621.874794329,6566621.874794329,6566621.874794329,6566621.874794329
6562735.208228128,6562735.208228128,6562735.208228128,6562735.208228128,6562735.208228128,6562735.208228128,6562735.208228128,6562735.208228128,6562735.208228128,6562735.208228128
6460085.833812207,6460085.833812207,6460085.833812207,6460085.833812207,6460085.833812207,6460085.833812207,6460085.833812207,6460085.833812207,6460085.833812207,6460085.833812207
6364596.010957676,6364596.010957676,6364596.010957676,6364596.010957676,6364596.010957676,6364596.010957676,6364596.010957676,6364596.010957676,6364596.010957676,6364596.010957676
6356346.054010677,6356346.054010677,6356346.054010677,6356346.054010677,6356346.054010677,6356346.054010677,6356346.054010677,6356346.054010677,6356346.054010677,6356346.054010677
6356289.794893878,6356289.794893878,6356289.794893878,6356289.794893878,6356289.794893878,6356289.794893878,6356289.794893878,6356289.794893878,6356289.794893878,6356289.794893878
6356227.184229846,6356227.184229846,6356227.184229846,6356227.184229846,6356227.184229846,6356227.184229846,6356227.184229846,6356227.184229846,6356227.184229846,6356227.184229846
6356092.440703911,6356092.440703911,6356092.440703911,6356092.440703911,6356092.440703911,6356092.440703911,6356092.440703911,6356092.440703911,6356092.440703911,6356092.440703911
6356020.750124803,6356020.750124803,6356020.750124803,6356020.750124803,6356020.750124803,6356020.750124803,6356020.750124803,6356020.750124803,6356020.750124803,6356020.750124803
6351626.880144639,6351626.880144639,6351626.880144639,6351626.880144639,6351626.880144639,6351626.880144639,6351626.880144639,6351626.880144639,6351626.880144639,6351626.880144639
6317794.456961627,6317794.456961627,6317794.456961627,6317794.456961627,6317794.456961627,6317794.456961627,6317794.456961627,6317794.456961627,6317794.456961627,6317794.456961627
6315109.243688246,6315109.243688246,6315109.243688246,6315109.243688246,6315109.243688246,6315109.243688246,6315109.243688246,6315109.243688246,6315109.243688246,6315109.243688246
6314655.293773027,6314655.293773027,6314655.293773027,6314655.293773027,6314655.293773027,6314655.293773027,6314655.293773027,6314655.293773027,6314655.293773027,6314655.293773027
6313439.697455275,6313439.697455275,6313439.697455275,6313439.697455275,6313439.697455275,6313439.697455275,6313439.697455275,6313439.697455275,6313439.697455275,6313439.697455275
6311933.934688144,6311933.934688144,6311933.934688144,6311933.934688144,6311933.934688144,6311933.934688144,6311933.934688144,6311933.934688144,6311933.934688144,6311933.934688144
6311348.947103455,6311348.947103455,6311348.947103455,6311348.947103455,6311348.947103455,6311348.947103455,6311348.947103455,6311348.947103455,6311348.947103455,6311348.947103455
6310308.0895573925,6310308.0895573925,6310308.0895573925,6310308.0895573925,6310308.0895573925,6310308.0895573925,6310308.0895573925,6310308.0895573925,6310308.0895573925,6310308.0895573925
6309882.583274117,6309882.583274117,6309882.583274117,6309882.583274117,6309882.583274117,6309882.583274117,6309882.583274117,6309882.583274117,6309882.583274117,6309882.583274117
6309482.714523567,6309482.714523567,6309482.714523567,6309482.714523567,6309482.714523567,6309482.714523567,6309482.714523567,6309482.714523567,6309482.714523567,6309482.714523567
6309013.471003361,6309013.471003361,6309013.471003361,6309013.471003361,6309013.471003361,6309013.471003361,6309013.471003361,6309013.471003361,6309013.471003361,6309013.471003361
6308572.919098236,6308572.919098236,6308572.919098236,6308572.919098236,6308572.919098236,6308572.919098236,6308572.919098236,6308572.919098236,6308572.919098236,6308572.919098236
6308264.003153052,6308264.003153052,6308264.003153052,6308264.003153052,6308264.003153052,6308264.003153052,6308264.003153052,6308264.003153052,6308264.003153052,6308264.003153052
6307943.983150207,6307943.983150207,6307943.983150207,6307943.983150207,6307943.983150207,6307943.983150207,6307943.983150207,6307943.983150207,6307943.983150207,6307943.983150207
6307324.3448245535,6307324.3448245535,6307324.3448245535,6307324.3448245535,6307324.3448245535,6307324.3448245535,6307324.3448245535,6307324.3448245535,6307324.3448245535,6307324.3448245535
6306890.486968993,6306890.486968993,6306890.486968993,6306890.486968993,6306890.486968993,6306890.486968993,6306890.486968993,6306890.486968993,6306890.486968993,6306890.486968993
6306456.9927285835,6306456.9927285835,6306456.9927285835,6306456.9927285835,6306456.9927285835,6306456.9927285835,6306456.9927285835,6306456.9927285835,6306456.9927285835,6306456.9927285835
6306038.375655557,6306038.375655557,6306038.375655557,6306038.375655557,6306038.375655557,6306038.375655557,6306038.375655557,6306038.375655557,6306038.375655557,6306038.375655557
6305797.468823331,6305797.468823331,6305797.468823331,6305797.468823331,6305797.468823331,6305797.468823331,6305797.468823331,6305797.468823331,6305797.468823331,6305797.468823331
6305482.103546567,6305482.103546567,6305482.103546567,6305482.103546567,6305482.103546567,6305482.103546567,6305482.103546567,6305482.103546567,6305482.103546567,6305482.103546567
6304905.326818079,6304905.326818079,6304905.326818079,6304905.326818079,6304905.326818079,6304905.326818079,6304905.326818079,6304905.326818079,6304905.326818079,6304905.326818079
6304712.548932215,6304712.548932215,6304712.548932215,6304712.548932215,6304712.548932215,6304712.548932215,6304712.548932215,6304712.548932215,6304712.548932215,6304712.548932215
6304436.581815723,6304436.581815723,6304436.581815723,6304436.581815723,6304436.581815723,6304436.581815723,6304436.581815723,6304436.581815723,6304436.581815723,6304436.581815723
6304075.741953813,6304075.741953813,6304075.741953813,6304075.741953813,6304075.741953813,6304075.741953813,6304075.741953813,6304075.741953813,6304075.741953813,6304075.741953813
6301235.384919139,6301235.384919139,6301235.384919139,6301235.384919139,6301235.384919139,6301235.384919139,6301235.384919139,6301235.384919139,6301235.384919139,6301235.384919139
6266174.395567405,6266174.395567405,6266174.395567405,6266174.395567405,6266174.395567405,6266174.395567405,6266174.395567405,6266174.395567405,6266174.395567405,6266174.395567405
6255745.844067791,6255745.844067791,6255745.844067791,6255745.844067791,6255745.844067791,6255745.844067791,6255745.844067791,6255745.844067791,6255745.844067791,6255745.844067791
6242976.562399175,6242976.562399175,6242976.562399175,6242976.562399175,6242976.562399175,6242976.562399175,6242976.562399175,6242976.562399175,6242976.562399175,6242976.562399175
6235706.550836622,6235706.550836622,6235706.550836622,6235706.550836622,6235706.550836622,6235706.550836622,6235706.550836622,6235706.550836622,6235706.550836622,6235706.550836622
6235468.951399872,6235468.951399872,6235468.951399872,6235468.951399872,6235468.951399872,6235468.951399872,6235468.951399872,6235468.951399872,6235468.951399872,6235468.951399872
6216724.994593488,6216724.994593488,6216724.994593488,6216724.994593488,6216724.994593488,6216724.994593488,6216724.994593488,6216724.994593488,6216724.994593488,6216724.994593488
6213002.064850401,6213002.064850401,6213002.064850401,6213002.064850401,6213002.064850401,6213002.064850401,6213002.064850401,6213002.064850401,6213002.064850401,6213002.064850401
6210008.762849709,6210008.762849709,6210008.762849709,6210008.762849709,6210008.762849709,6210008.762849709,6210008.762849709,6210008.762849709,6210008.762849709,6210008.762849709
6207857.229539192,6207857.229539192,6207857.229539192,6207857.229539192,6207857.229539192,6207857.229539192,6207857.229539192,6207857.229539192,6207857.229539192,6207857.229539192
6207257.027876483,6207257.027876483,6207257.027876483,6207257.027876483,6207257.027876483,6207257.027876483,6207257.027876483,6207257.027876483,6207257.027876483,6207257.027876483
6207041.247761124,6207041.247761124,6207041.247761124,6207041.247761124,6207041.247761124,6207041.247761124,6207041.247761124,6207041.247761124,6207041.247761124,6207041.247761124
6206908.991819013,6206908.991819013,6206908.991819013,6206908.991819013,6206908.991819013,6206908.991819013,6206908.991819013,6206908.991819013,6206908.991819013,6206908.991819013
6206658.526504941,6206658.526504941,6206658.526504941,6206658.526504941,6206658.526504941,6206658.526504941,6206658.526504941,6206658.526504941,6206658.526504941,6206658.526504941
6206596.471329372,6206596.471329372,6206596.471329372,6206596.471329372,6206596.471329372,6206596.471329372,6206596.471329372,6206596.471329372,6206596.471329372,6206596.471329372
6199621.241040553,6199621.241040553,6199621.241040553,6199621.241040553,6199621.241040553,6199621.241040553,6199621.241040553,6199621.241040553,6199621.241040553,6199621.241040553
6198891.291270755,6198891.291270755,6198891.291270755,6198891.291270755,6198891.291270755,6198891.291270755,6198891.291270755,6198891.291270755,6198891.291270755,6198891.291270755
6198445.769872758,6198445.769872758,6198445.769872758,6198445.769872758,6198445.769872758,6198445.769872758,6198445.769872758,6198445.769872758,6198445.769872758,6198445.769872758
6196064.209239239,6196064.209239239,6196064.209239239,6196064.209239239,6196064.209239239,6196064.209239239,6196064.209239239,6196064.209239239,6196064.209239239,6196064.209239239
6195057.219696529,6195057.219696529,6195057.219696529,6195057.219696529,6195057.219696529,6195057.219696529,6195057.219696529,6195057.219696529,6195057.219696529,6195057.219696529
6194923.852197184,6194923.852197184,6194923.852197184,6194923.852197184,6194923.852197184,6194923.852197184,6194923.852197184,6194923.852197184,6194923.852197184,6194923.852197184
6194877.902878707,6194877.902878707,6194877.902878707,6194877.902878707,6194877.902878707,6194877.902878707,6194877.902878707,6194877.902878707,6194877.902878707,6194877.902878707
6194831.439953118,6194831.439953118,6194831.439953118,6194831.439953118,6194831.439953118,6194831.439953118,6194831.439953118,6194831.439953118,6194831.439953118,6194831.439953118
6194823.517438732,6194823.517438732,6194823.517438732,6194823.517438732,6194823.517438732,6194823.517438732,6194823.517438732,6194823.517438732,6194823.517438732,6194823.517438732
6194820.577229578,6194820.577229578,6194820.577229578,6194820.577229578,6194820.577229578,6194820.577229578,6194820.577229578,6194820.577229578,6194820.577229578,6194820.577229578
6171340.920541838,6171340.920541838,6171340.920541838,6171340.920541838,6171340.920541838,6171340.920541838,6171340.920541838,6171340.920541838,6171340.920541838,6171340.920541838
6157228.916877583,6157228.916877583,6157228.916877583,6157228.916877583,6157228.916877583,6157228.916877583,6157228.916877583,6157228.916877583,6157228.916877583,6157228.916877583
6148656.047763972,6148656.047763972,6148656.047763972,6148656.047763972,6148656.047763972,6148656.047763972,6148656.047763972,6148656.047763972,6148656.047763972,6148656.047763972
6143782.894930612,6143782.894930612,6143782.894930612,6143782.894930612,6143782.894930612,6143782.894930612,6143782.894930612,6143782.894930612,6143782.894930612,6143782.894930612
6140826.532389926,6140826.532389926,6140826.532389926,6140826.532389926,6140826.532389926,6140826.532389926,6140826.532389926,6140826.532389926,6140826.532389926,6140826.532389926
6139645.369543919,6139645.369543919,6139645.369543919,6139645.369543919,6139645.369543919,6139645.369543919,6139645.369543919,6139645.369543919,6139645.369543919,6139645.369543919
6139435.62895177,6139435.62895177,6139435.62895177,6139435.62895177,6139435.62895177,6139435.62895177,6139435.62895177,6139435.62895177,6139435.62895177,6139435.62895177
6139296.217627009,6139296.217627009,6139296.217627009,6139296.217627009,6139296.217627009,6139296.217627009,6139296.217627009,6139296.217627009,6139296.217627009,6139296.217627009
6139178.025396595,6139178.025396595,6139178.025396595,6139178.025396595,6139178.025396595,6139178.025396595,6139178.025396595,6139178.025396595,6139178.025396595,6139178.025396595
6134072.719074607,6134072.719074607,6134072.719074607,6134072.719074607,6134072.719074607,6134072.719074607,6134072.719074607,6134072.719074607,6134072.719074607,6134072.719074607
6133503.975489062,6133503.975489062,6133503.975489062,6133503.975489062,6133503.975489062,6133503.975489062,6133503.975489062,6133503.975489062,6133503.975489062,6133503.975489062
6133385.912403503,6133385.912403503,6133385.912403503,6133385.912403503,6133385.912403503,6133385.912403503,6133385.912403503,6133385.912403503,6133385.912403503,6133385.912403503
6133347.869799796,6133347.869799796,6133347.869799796,6133347.869799796,6133347.869799796,6133347.869799796,6133347.869799796,6133347.869799796,6133347.869799796,6133347.869799796
6133342.177009779,6133342.177009779,6133342.177009779,6133342.177009779,6133342.177009779,6133342.177009779,6133342.177009779,6133342.177009779,6133342.177009779,6133342.177009779
6133337.586071827,6133337.586071827,6133337.586071827,6133337.586071827,6133337.586071827,6133337.586071827,6133337.586071827,6133337.586071827,6133337.586071827,6133337.586071827
6133336.687744177,6133336.687744177,6133336.687744177,6133336.687744177,6133336.687744177,6133336.687744177,6133336.687744177,6133336.687744177,6133336.687744177,6133336.687744177
6133333.929352037,6133333.929352037,6133333.929352037,6133333.929352037,6133333.929352037,6133333.929352037,6133333.929352037,6133333.929352037,6133333.929352037,6133333.929352037
6133332.076592098,6133332.076592098,6133332.076592098,6133332.076592098,6133332.076592098,6133332.076592098,6133332.076592098,6133332.076592098,6133332.076592098,6133332.076592098
6133331.864972571,6133331.864972571,6133331.864972571,6133331.864972571,6133331.864972571,6133331.864972571,6133331.864972571,6133331.864972571,6133331.864972571,6133331.864972571
6133331.489558671,6133331.489558671,6133331.489558671,6133331.489558671,6133331.489558671,6133331.489558671,6133331.489558671,6133331.489558671,6133331.489558671,6133331.489558671
6132666.451474677,6132666.451474677,6132666.451474677,6132666.451474677,6132666.451474677,6132666.451474677,6132666.451474677,6132666.451474677,6132666.451474677,6132666.451474677
6132161.630058658,6132161.630058658,6132161.630058658,6132161.630058658,6132161.630058658,6132161.630058658,6132161.630058658,6132161.630058658,6132161.630058658,6132161.630058658
6131880.000241443,6131880.000241443,6131880.000241443,6131880.000241443,6131880.000241443,6131880.000241443,6131880.000241443,6131880.000241443,6131880.000241443,6131880.000241443
6131805.702173038,6131805.702173038,6131805.702173038,6131805.702173038,6131805.702173038,6131805.702173038,6131805.702173038,6131805.702173038,6131805.702173038,6131805.702173038
6131704.929443599,6131704.929443599,6131704.929443599,6131704.929443599,6131704.929443599,6131704.929443599,6131704.929443599,6131704.929443599,6131704.929443599,6131704.929443599
6109611.701314323,6109611.701314323,6109611.701314323,6109611.701314323,6109611.701314323,6109611.701314323,6109611.701314323,6109611.701314323,6109611.701314323,6109611.701314323
6109071.401507354,6109071.401507354,6109071.401507354,6109071.401507354,6109071.401507354,6109071.401507354,6109071.401507354,6109071.401507354,6109071.401507354,6109071.401507354
6109064.518408866,6109064.518408866,6109064.518408866,6109064.518408866,6109064.518408866,6109064.518408866,6109064.518408866,6109064.518408866,6109064.518408866,6109064.518408866
6107197.974417629,6107197.974417629,6107197.974417629,6107197.974417629,6107197.974417629,6107197.974417629,6107197.974417629,6107197.974417629,6107197.974417629,6107197.974417629
6107150.004248242,6107150.004248242,6107150.004248242,6107150.004248242,6107150.004248242,6107150.004248242,6107150.004248242,6107150.004248242,6107150.004248242,6107150.004248242
6085720.834111194,6085720.834111194,6085720.834111194,6085720.834111194,6085720.834111194,6085720.834111194,6085720.834111194,6085720.834111194,6085720.834111194,6085720.834111194
6084300.9892942,6084300.9892942,6084300.9892942,6084300.9892942,6084300.9892942,6084300.9892942,6084300.9892942,6084300.9892942,6084300.9892942,6084300.9892942
6069820.3141463315,6069820.3141463315,6069820.3141463315,6069820.3141463315,6069820.3141463315,6069820.3141463315,6069820.3141463315,6069820.3141463315,6069820.3141463315,6069820.3141463315
6037668.573300652,6037668.573300652,6037668.573300652,6037668.573300652,6037668.573300652,6037668.573300652,6037668.573300652,6037668.573300652,6037668.573300652,6037668.573300652
6009576.446058102,6009576.446058102,6009576.446058102,6009576.446058102,6009576.446058102,6009576.446058102,6009576.446058102,6009576.446058102,6009576.446058102,6009576.446058102
6008750.450867508,6008750.450867508,6008750.450867508,6008750.450867508,6008750.450867508,6008750.450867508,6008750.450867508,6008750.450867508,6008750.450867508,6008750.450867508
6008146.641509653,6008146.641509653,6008146.641509653,6008146.641509653,6008146.641509653,6008146.641509653,6008146.641509653,6008146.641509653,6008146.641509653,6008146.641509653
6007861.937702117,6007861.937702117,6007861.937702117,6007861.937702117,6007861.937702117,6007861.937702117,6007861.937702117,6007861.937702117,6007861.937702117,6007861.937702117
6007384.026426756,6007384.026426756,6007384.026426756,6007384.026426756,6007384.026426756,6007384.026426756,6007384.026426756,6007384.026426756,6007384.026426756,6007384.026426756
6007367.857818878,6007367.857818878,6007367.857818878,6007367.857818878,6007367.857818878,6007367.857818878,6007367.857818878,6007367.857818878,6007367.857818878,6007367.857818878
6000269.904148627,6000269.904148627,6000269.904148627,6000269.904148627,6000269.904148627,6000269.904148627,6000269.904148627,6000269.904148627,6000269.904148627,6000269.904148627
5985593.910762178,5985593.910762178,5985593.910762178,5985593.910762178,5985593.910762178,5985593.910762178,5985593.910762178,5985593.910762178,5985593.910762178,5985593.910762178
5983708.970674378,5983708.970674378,5983708.970674378,5983708.970674378,5983708.970674378,5983708.970674378,5983708.970674378,5983708.970674378,5983708.970674378,5983708.970674378
5951364.66402953,5951364.66402953,5951364.66402953,5951364.66402953,5951364.66402953,5951364.66402953,5951364.66402953,5951364.66402953,5951364.66402953,5951364.66402953
5950768.4570436645,5950768.4570436645,5950768.4570436645,5950768.4570436645,5950768.4570436645,5950768.4570436645,5950768.4570436645,5950768.4570436645,5950768.4570436645,5950768.4570436645
5936200.700681703,5936200.700681703,5936200.700681703,5936200.700681703,5936200.700681703,5936200.700681703,5936200.700681703,5936200.700681703,5936200.700681703,5936200.700681703
5936171.961223486,5936171.961223486,5936171.961223486,5936171.961223486,5936171.961223486,5936171.961223486,5936171.961223486,5936171.961223486,5936171.961223486,5936171.961223486
5921482.881767228,5921482.881767228,5921482.881767228,5921482.881767228,5921482.881767228,5921482.881767228,5921482.881767228,5921482.881767228,5921482.881767228,5921482.881767228
5918320.992050296,5918320.992050296,5918320.992050296,5918320.992050296,5918320.992050296,5918320.992050296,5918320.992050296,5918320.992050296,5918320.992050296,5918320.992050296
5915754.394458335,5915754.394458335,5915754.394458335,5915754.394458335,5915754.394458335,5915754.394458335,5915754.394458335,5915754.394458335,5915754.394458335,5915754.394458335
5915754.394458335,5915754.394458335,5915754.394458335,5915754.394458335,5915754.394458335,5915754.394458335,5915754.394458335,5915754.394458335,5915754.394458335,5915754.394458335
